{
  "metrics_requested": [
    "parent",
    "numeric_coverage"
  ],
  "num_examples": 1,
  "per_example": [
    {
      "id": "Smoke Player|SMK|36e8f6168a936c46",
      "numeric_coverage": 0.5,
      "parent_f1": 0.14095925194395859,
      "parent_precision": 0.45499414040480374,
      "parent_recall": 0.08339819598871116,
      "parent_recall_ref": 0.0027831576837137393,
      "parent_recall_table": 0.22916666666666666,
      "parent_lambda": 0.7708333333333334,
      "efficiency": {
        "generation_time_s": 0.1,
        "num_output_tokens": 8.0,
        "tokens_per_sec": 80.0
      }
    }
  ],
  "automatic": {
    "numeric_coverage_mean": 0.5,
    "parent_f1_mean": 0.14095925194395859
  },
  "efficiency": {
    "generation_time_s": {
      "mean": 0.1,
      "stdev": 0.0,
      "min": 0.1,
      "max": 0.1
    },
    "tokens_per_sec": {
      "mean": 80.0,
      "stdev": 0.0
    }
  }
}